goodreads_book_id,tag_id,count
2767052,1,100
2767052,2,100
2767052,3,100
2767052,4,100
2767052,5,100
2767052,6,100
3,7,100
3,8,100
3,2,100
3,9,100
3,3,100
3,10,100
41865,11,100
41865,12,100
41865,7,100
41865,2,100
41865,13,100
2657,14,100
2657,3,100
2657,15,100
2657,16,100
2657,17,100
2657,18,100
4671,14,100
4671,3,100
4671,11,100
4671,19,100
4671,20,100
4671,21,100
18135,2,100
18135,11,100
18135,22,100
18135,3,100
18135,23,100
18135,24,100
5907,7,100
5907,14,100
5907,9,100
5907,25,100
5907,3,100
5907,26,100
5107,14,100
5107,3,100
5107,27,100
5107,19,100
5107,28,100
960,16,100
960,29,100
960,3,100
960,30,100
960,31,100
960,32,100
18879,14,100
18879,11,100
18879,3,100
18879,15,100
18879,33,100
18879,21,100
15722288,16,100
15722288,29,100
15722288,31,100
15722288,34,100
15722288,35,100
40961427,3,100
40961427,16,100
40961427,36,100
40961427,15,100
40961427,27,100
24200,6,100
24200,37,100
24200,38,100
24200,39,100
24200,40,100
24200,14,100
119879,6,100
119879,37,100
119879,7,100
119879,14,100
119879,41,100
119879,42,100
86695,16,100
86695,29,100
86695,3,100
86695,30,100
86695,43,100
86695,44,100
