book_id,goodreads_book_id,best_book_id,work_id,books_count,isbn,isbn13,authors,original_publication_year,original_title,title,language_code,average_rating,ratings_count,work_ratings_count,work_text_reviews_count,ratings_1,ratings_2,ratings_3,ratings_4,ratings_5,image_url,small_image_url
1,2767052,2767052,2792775,274,439023483,9780439023480,Suzanne Collins,2008,The Hunger Games,"The Hunger Games (The Hunger Games, #1)",eng,4.34,4780653,4942365,155254,66715,127936,560092,1481305,2706317,https://images.gr-assets.com/books/1447303603l/2767052.jpg,https://images.gr-assets.com/books/1447303603s/2767052.jpg
2,3,3,4640799,491,439554934,9780439554930,"J.K. Rowling, Mary GrandPré",1997,Harry Potter and the Philosopher's Stone,"Harry Potter and the Sorcerer's Stone (Harry Potter, #1)",eng,4.44,4602479,4800065,75867,75504,101676,455024,1156318,3011543,https://images.gr-assets.com/books/1474154022l/3.jpg,https://images.gr-assets.com/books/1474154022s/3.jpg
3,41865,41865,3212258,226,316015849,9780316015840,Stephenie Meyer,2005,Twilight,"Twilight (Twilight, #1)",en-US,3.57,3866839,3957100,95009,456191,436802,793319,875073,1395715,https://images.gr-assets.com/books/1361039443l/41865.jpg,https://images.gr-assets.com/books/1361039443s/41865.jpg
4,2657,2657,3275794,487,61120081,9780061120080,Harper Lee,1960,To Kill a Mockingbird,To Kill a Mockingbird,eng,4.25,3198671,3340842,72586,60427,117415,446857,1001620,1714523,https://images.gr-assets.com/books/1361975680l/2657.jpg,https://images.gr-assets.com/books/1361975680s/2657.jpg
5,4671,4671,2458200,1356,743273567,9780743273560,F. Scott Fitzgerald,1925,The Great Gatsby,The Great Gatsby,eng,3.89,2683664,2777703,51992,86236,197621,606158,936012,951676,https://images.gr-assets.com/books/1490528560l/4671.jpg,https://images.gr-assets.com/books/1490528560s/4671.jpg
6,18135,18135,3356006,225,525478817,9780525478810,John Green,2012,The Fault in Our Stars,The Fault in Our Stars,eng,4.24,2346404,2478609,140739,47994,92723,327550,698471,1311871,https://images.gr-assets.com/books/1360206420l/18135.jpg,https://images.gr-assets.com/books/1360206420s/18135.jpg
7,5907,5907,2824770,969,618346252,9780618346250,J.R.R. Tolkien,1937,The Hobbit or There and Back Again,The Hobbit,eng,4.25,2071616,2196809,37670,46023,76784,288649,665630,1119723,https://images.gr-assets.com/books/1372847500l/5907.jpg,https://images.gr-assets.com/books/1372847500s/5907.jpg
8,5107,5107,3036731,1138,316769487,9780316769480,J.D. Salinger,1951,The Catcher in the Rye,The Catcher in the Rye,eng,3.79,2044241,2118553,44920,109370,185520,455042,661516,707105,https://images.gr-assets.com/books/1398034300l/5107.jpg,https://images.gr-assets.com/books/1398034300s/5107.jpg
9,960,960,3338963,464,1416524797,9781416524790,Dan Brown,2003,The Da Vinci Code,"The Da Vinci Code (Robert Langdon, #2)",eng,3.81,1447148,1557292,35867,71345,126437,390840,535232,433438,https://images.gr-assets.com/books/1303252999l/960.jpg,https://images.gr-assets.com/books/1303252999s/960.jpg
10,18879,18879,3204327,3350,679783261,9780679783260,Jane Austen,1813,Pride and Prejudice,Pride and Prejudice,eng,4.24,2035490,2191465,49152,54700,86485,284852,609755,1155673,https://images.gr-assets.com/books/1320399351l/18879.jpg,https://images.gr-assets.com/books/1320399351s/18879.jpg
11,15722288,15722288,21480746,164,30758836X,9780307588360,Gillian Flynn,2012,Gone Girl,Gone Girl,eng,4.03,1579801,1726048,121614,38884,80759,280804,615084,710517,https://images.gr-assets.com/books/1339608769l/15722288.jpg,https://images.gr-assets.com/books/1339608769s/15722288.jpg
12,40961427,40961427,63884358,120,0735219095,9780735219090,Delia Owens,2018,Where the Crawdads Sing,Where the Crawdads Sing,eng,4.45,1200000,1300000,95000,15000,35000,120000,410000,720000,https://images.gr-assets.com/books/1582135294l/40961427.jpg,https://images.gr-assets.com/books/1582135294s/40961427.jpg
13,24200,24200,3131217,105,0345391802,9780345391803,Douglas Adams,1979,The Hitchhiker's Guide to the Galaxy,The Hitchhiker's Guide to the Galaxy,eng,4.22,1100000,1180000,28000,20000,45000,150000,380000,585000,https://images.gr-assets.com/books/1531891848l/24200.jpg,https://images.gr-assets.com/books/1531891848s/24200.jpg
14,119879,119879,115372,89,0441172717,9780441172719,Frank Herbert,1965,Dune,Dune (Dune #1),eng,4.26,950000,1020000,34000,22000,41000,130000,320000,507000,https://images.gr-assets.com/books/1555447414l/119879.jpg,https://images.gr-assets.com/books/1555447414s/119879.jpg
15,86695,86695,1118549,312,0385504209,9780385504201,Dan Brown,2000,Angels & Demons,"Angels & Demons (Robert Langdon, #1)",eng,3.91,2200000,2300000,28000,60000,150000,550000,850000,690000,https://images.gr-assets.com/books/1358268582l/86695.jpg,https://images.gr-assets.com/books/1358268582s/86695.jpg
