user_id,book_id,rating
1,1,3
1,2,5
1,6,5
1,4,3
1,12,5
1,15,4
1,9,4
2,2,4
2,6,4
2,5,3
2,14,5
2,13,4
2,8,4
2,7,3
2,4,4
3,9,4
3,10,3
3,6,5
3,5,5
3,13,5
3,11,5
3,2,4
4,15,4
4,3,3
4,7,3
4,10,4
4,6,4
4,4,4
4,1,3
5,12,3
5,10,4
5,14,4
5,6,5
5,9,4
5,4,5
6,11,3
6,2,3
6,4,3
6,8,4
7,9,4
7,1,3
7,15,4
7,2,4
7,10,4
7,6,5
7,8,4
8,8,4
8,10,4
8,2,4
8,14,3
8,6,4
8,3,4
8,12,4
9,14,4
9,8,3
9,11,4
9,6,4
10,14,4
10,9,5
10,2,5
10,13,3
10,15,4
11,8,4
11,2,5
11,5,3
11,1,4
11,6,3
11,13,5
11,9,5
11,7,4
12,15,4
12,7,4
12,3,5
12,14,5
12,5,5
12,13,5
12,6,4
13,5,3
13,2,4
13,10,4
13,7,4
13,9,4
13,15,5
14,6,4
14,10,4
14,2,5
14,15,4
15,7,4
15,10,5
15,14,5
15,8,5
15,6,4
15,15,4
16,6,5
16,13,3
16,15,4
16,9,4
16,11,4
16,10,4
17,4,4
17,11,4
17,14,3
17,3,3
17,15,4
18,5,5
18,4,5
18,9,5
18,15,4
18,13,3
18,6,4
18,11,4
19,14,4
19,2,4
19,15,5
19,10,4
19,3,4
19,9,3
19,11,3
19,6,5
20,9,4
20,3,4
20,14,4
20,4,4
21,2,4
21,15,5
21,11,3
21,8,3
21,4,5
21,9,5
21,13,4
21,1,4
22,1,5
22,8,4
22,11,3
22,3,3
22,12,4
22,9,3
22,15,4
22,13,5
23,7,3
23,9,3
23,15,3
23,8,3
23,6,3
23,11,4
23,10,3
24,6,3
24,8,4
24,11,5
24,1,4
24,13,4
24,5,4
24,12,4
24,4,5
25,12,4
25,4,4
25,15,4
25,6,4
25,3,3
25,9,3
25,10,5
26,2,5
26,8,5
26,13,5
26,6,3
26,1,4
26,11,3
27,14,4
27,6,4
27,13,4
27,15,5
27,1,3
28,10,3
28,13,5
28,2,4
28,9,4
28,15,5
28,12,3
28,7,4
28,11,3
29,6,4
29,15,3
29,11,4
29,2,4
29,13,5
29,5,5
29,3,4
30,13,4
30,7,4
30,15,4
30,8,4
30,2,5
30,1,3
30,10,4
30,9,5
31,6,4
31,3,4
31,1,3
31,13,4
31,7,4
31,9,4
31,11,4
32,8,4
32,10,3
32,9,4
32,4,5
32,12,4
32,11,5
32,1,4
32,7,5
33,15,4
33,10,4
33,8,5
33,4,5
34,2,4
34,4,5
34,9,5
34,11,3
34,7,4
34,8,3
34,12,4
34,6,4
35,3,4
35,8,3
35,4,3
35,14,4
35,15,4
35,10,4
36,5,5
36,12,4
36,10,5
36,15,5
36,14,3
36,11,3
37,15,5
37,6,4
37,1,5
37,5,4
37,4,4
37,10,5
37,8,4
37,7,4
38,8,4
38,4,4
38,7,4
38,12,3
38,3,4
38,13,3
38,11,5
38,15,3
39,12,4
39,1,5
39,11,5
39,14,3
39,3,5
39,9,4
40,4,4
40,3,4
40,8,4
40,12,4
40,2,4
40,6,4
41,11,4
41,12,5
41,13,4
41,7,4
41,2,3
42,1,4
42,2,5
42,13,5
42,6,5
42,4,4
42,5,3
42,10,4
43,12,4
43,13,3
43,1,4
43,7,4
44,12,4
44,10,3
44,9,3
44,13,3
44,7,3
44,5,4
44,8,4
44,2,5
45,6,5
45,7,4
45,10,5
45,9,3
46,4,4
46,7,4
46,1,4
46,9,5
47,14,3
47,8,5
47,3,4
47,4,4
47,5,3
47,2,5
48,12,4
48,2,5
48,8,4
48,10,5
48,3,3
48,13,4
48,5,4
48,15,4
49,12,5
49,1,5
49,6,4
49,14,4
49,10,4
49,7,4
49,11,4
50,11,5
50,15,4
50,3,3
50,7,3
50,6,3
51,9,4
51,10,4
51,2,4
51,3,5
52,11,5
52,8,4
52,13,4
52,6,4
52,7,3
53,13,4
53,9,5
53,11,4
53,14,4
54,2,4
54,6,4
54,4,3
54,10,5
54,5,4
54,9,4
54,14,4
55,11,4
55,12,3
55,5,3
55,10,5
55,15,4
56,4,4
56,2,3
56,10,4
56,15,5
57,8,4
57,14,4
57,12,5
57,3,5
57,11,4
57,1,4
58,11,5
58,9,5
58,15,3
58,13,4
58,2,5
59,11,5
59,5,4
59,4,4
59,10,5
60,13,3
60,7,4
60,8,4
60,3,5
60,14,4
60,11,4
60,12,4
60,15,4
61,13,5
61,7,4
61,9,5
61,11,5
62,10,5
62,13,5
62,9,5
62,3,3
62,4,4
62,14,4
63,4,3
63,5,3
63,6,4
63,12,5
64,4,4
64,2,5
64,6,5
64,12,4
65,4,4
65,14,4
65,6,5
65,3,5
65,8,5
65,5,4
66,8,5
66,13,4
66,9,4
66,5,4
66,4,4
66,14,5
66,12,4
67,12,4
67,4,5
67,15,3
67,5,3
68,3,3
68,10,4
68,12,4
68,7,5
68,4,5
68,15,4
68,6,4
68,2,5
69,14,5
69,7,4
69,6,5
69,2,5
70,13,3
70,12,5
70,1,5
70,7,5
70,9,4
70,2,4
70,14,4
71,7,4
71,8,5
71,5,3
71,4,5
71,12,5
71,14,4
71,6,4
72,8,4
72,4,3
72,10,4
72,6,3
72,15,4
72,5,5
73,6,5
73,14,5
73,4,4
73,15,5
73,7,5
73,10,5
73,9,5
73,11,4
74,10,5
74,1,3
74,8,5
74,15,5
74,13,4
75,6,5
75,10,4
75,15,5
75,3,4
75,5,4
76,8,3
76,5,3
76,14,5
76,10,5
76,7,4
76,9,4
76,1,4
76,3,4
77,5,4
77,10,3
77,4,5
77,12,4
77,9,4
77,14,3
77,8,4
78,2,4
78,9,4
78,7,5
78,13,5
78,15,4
78,6,5
79,13,5
79,10,4
79,6,5
79,4,5
79,15,3
79,3,4
79,7,3
80,8,4
80,3,5
80,2,3
80,1,4
81,2,3
81,5,4
81,13,3
81,4,4
81,7,4
82,4,4
82,3,5
82,15,4
82,6,4
83,5,5
83,15,4
83,4,5
83,2,3
83,14,5
84,12,4
84,11,5
84,8,4
84,1,3
84,5,5
84,7,4
84,4,4
85,11,3
85,1,3
85,12,4
85,7,4
85,14,5
86,6,4
86,12,4
86,9,4
86,10,5
86,7,4
87,9,4
87,13,4
87,4,4
87,14,4
87,11,3
87,1,4
88,5,4
88,11,4
88,10,4
88,15,5
88,3,3
88,1,5
88,6,4
89,13,4
89,2,4
89,8,4
89,11,4
89,7,4
89,14,5
90,3,4
90,15,4
90,7,3
90,10,3
90,5,3
90,1,4
90,9,4
91,6,4
91,4,3
91,7,3
91,13,3
91,3,5
91,1,5
91,15,3
92,13,4
92,11,5
92,4,5
92,10,5
92,3,3
92,9,5
92,14,5
92,15,4
93,13,3
93,3,4
93,4,3
93,15,4
93,14,5
93,8,5
93,1,4
93,7,5
94,13,4
94,15,4
94,2,4
94,4,4
94,10,4
94,5,4
94,12,3
94,14,4
95,12,3
95,7,3
95,11,4
95,1,4
95,4,4
96,14,5
96,13,3
96,1,5
96,8,4
96,4,3
96,10,4
97,13,4
97,9,3
97,10,5
97,5,5
97,1,3
97,7,4
97,2,5
97,6,3
98,10,4
98,14,4
98,12,5
98,11,4
98,9,3
98,3,4
98,2,5
99,13,3
99,7,4
99,9,3
99,6,4
100,9,4
100,10,3
100,11,3
100,15,4
100,8,4
100,4,4
100,3,4
101,5,3
101,13,3
101,14,5
101,10,3
101,12,4
101,6,4
101,2,4
101,4,3
102,9,3
102,10,3
102,7,4
102,1,4
103,11,4
103,9,5
103,15,3
103,3,4
103,1,5
103,14,4
104,13,4
104,15,3
104,10,5
104,2,3
104,11,5
104,1,5
104,9,5
104,14,3
105,10,4
105,11,5
105,4,5
105,8,3
106,9,4
106,11,5
106,7,3
106,3,4
106,13,5
106,8,4
107,12,4
107,5,4
107,10,3
107,6,5
107,7,5
107,1,4
108,10,4
108,3,4
108,13,3
108,14,4
108,7,4
108,1,4
109,4,4
109,12,4
109,15,3
109,1,3
109,8,5
109,11,4
109,6,3
110,3,5
110,10,5
110,2,4
110,6,4
110,9,4
110,11,4
110,13,4
111,1,4
111,4,4
111,8,3
111,3,4
111,11,5
111,10,5
111,12,5
111,9,4
112,15,5
112,3,4
112,9,5
112,10,4
112,8,5
112,13,3
113,10,4
113,15,4
113,6,4
113,3,5
114,4,3
114,2,3
114,6,4
114,9,4
114,11,4
114,15,5
114,13,5
114,10,5
115,15,5
115,7,4
115,14,4
115,1,4
115,4,3
115,9,4
116,12,5
116,6,4
116,1,4
116,14,3
117,11,5
117,5,4
117,14,3
117,12,3
117,4,5
118,11,4
118,15,3
118,4,3
118,14,4
118,12,5
118,6,4
118,8,4
118,5,5
119,12,4
119,6,4
119,9,4
119,1,4
119,10,5
120,7,4
120,9,4
120,2,5
120,6,4
121,5,5
121,3,5
121,12,4
121,1,5
121,10,5
121,7,4
122,7,4
122,11,3
122,1,4
122,9,4
122,15,5
122,2,3
123,15,4
123,1,5
123,9,4
123,11,3
123,2,3
123,6,4
123,12,5
124,9,5
124,5,5
124,6,4
124,13,4
124,8,4
124,12,5
124,2,3
124,10,4
125,6,4
125,12,4
125,8,4
125,1,5
125,3,5
125,14,3
125,2,5
126,15,5
126,10,5
126,7,5
126,6,3
126,8,3
127,1,4
127,3,4
127,7,5
127,11,5
127,2,4
127,10,4
127,6,5
128,7,5
128,6,3
128,12,4
128,10,5
128,5,4
128,1,3
128,3,5
129,7,4
129,6,5
129,4,5
129,1,3
129,13,3
129,3,5
129,11,4
129,2,3
130,14,5
130,3,4
130,4,3
130,5,4
131,1,5
131,9,4
131,5,4
131,13,5
132,9,4
132,1,5
132,3,5
132,2,3
132,10,3
133,15,4
133,9,3
133,5,3
133,2,3
133,14,4
133,13,5
134,11,4
134,13,5
134,15,3
134,1,4
134,3,3
134,10,5
134,12,4
134,6,3
135,12,3
135,4,5
135,11,4
135,2,3
135,13,3
135,8,4
135,5,4
136,7,5
136,12,4
136,1,4
136,13,4
137,11,3
137,6,4
137,7,4
137,9,4
137,2,5
137,4,5
138,10,3
138,11,3
138,5,4
138,7,5
138,14,4
138,6,4
139,12,4
139,2,5
139,6,3
139,8,3
139,10,4
139,15,4
139,14,4
139,7,4
140,12,5
140,5,4
140,7,5
140,15,5
140,13,4
140,2,4
141,13,4
141,14,4
141,15,5
141,2,3
141,1,4
141,11,5
141,10,4
142,10,4
142,3,5
142,14,5
142,15,4
142,1,3
142,5,5
143,6,4
143,7,4
143,10,5
143,11,4
143,13,5
143,8,4
144,5,4
144,11,5
144,1,4
144,2,5
144,14,4
144,8,4
144,10,3
144,12,4
145,7,4
145,9,4
145,14,4
145,5,4
146,3,4
146,14,4
146,10,5
146,7,4
147,4,3
147,12,4
147,6,4
147,2,4
147,10,4
147,11,5
147,13,5
147,14,4
148,2,4
148,9,4
148,4,3
148,15,4
149,6,4
149,7,4
149,11,4
149,14,5
149,13,4
149,15,4
149,10,3
150,1,5
150,14,4
150,8,4
150,11,4
151,3,4
151,12,4
151,2,4
151,14,4
151,4,5
151,6,4
151,11,5
151,8,5
152,5,3
152,2,4
152,3,3
152,15,5
152,1,4
152,13,3
152,4,3
153,13,3
153,9,3
153,8,5
153,7,4
153,4,5
153,15,4
153,5,3
154,4,3
154,8,5
154,1,4
154,7,4
154,5,4
155,15,4
155,3,3
155,7,4
155,13,5
155,8,4
155,10,5
155,6,5
156,2,5
156,6,4
156,10,5
156,8,5
156,13,4
157,13,3
157,6,4
157,2,4
157,9,4
158,3,5
158,13,4
158,10,3
158,12,5
158,2,4
158,9,4
158,4,4
159,12,4
159,4,4
159,6,4
159,13,5
159,5,4
159,10,5
160,2,4
160,5,5
160,4,3
160,11,4
160,10,4
160,9,5
160,6,4
161,7,5
161,4,3
161,13,3
161,15,3
161,11,4
162,11,4
162,6,5
162,10,4
162,2,4
162,3,3
162,4,4
162,15,4
162,7,4
163,7,3
163,12,5
163,5,4
163,4,4
163,10,5
163,9,4
163,1,4
163,8,3
164,2,4
164,4,5
164,3,3
164,8,5
164,11,5
164,12,4
165,10,5
165,15,4
165,3,3
165,1,5
165,9,5
165,14,5
165,7,4
166,3,5
166,4,4
166,5,3
166,8,4
167,10,5
167,6,4
167,15,3
167,1,3
167,8,4
167,5,5
168,2,4
168,9,3
168,6,5
168,12,4
169,11,3
169,14,4
169,12,4
169,15,5
169,4,4
170,14,3
170,13,4
170,5,4
170,3,4
170,9,3
170,11,3
171,14,5
171,3,5
171,4,3
171,8,5
171,7,4
171,15,5
171,12,4
171,2,5
172,11,3
172,5,5
172,3,5
172,2,3
173,2,5
173,8,4
173,14,4
173,11,5
173,5,4
173,3,4
173,12,4
173,6,3
174,6,4
174,10,5
174,3,4
174,8,5
174,14,4
174,5,5
175,2,5
175,6,4
175,1,5
175,15,4
176,6,5
176,13,4
176,8,5
176,11,5
177,15,4
177,11,3
177,4,4
177,7,4
177,2,4
178,1,5
178,7,5
178,4,4
178,15,4
178,8,4
178,6,5
179,6,5
179,5,4
179,2,5
179,12,5
179,11,4
180,9,4
180,4,4
180,1,3
180,14,4
180,13,4
180,6,5
180,3,5
181,9,4
181,2,5
181,10,4
181,8,4
182,6,4
182,8,5
182,11,3
182,5,4
182,3,4
182,12,4
183,7,5
183,9,5
183,6,4
183,1,4
183,15,4
183,2,4
184,6,5
184,8,4
184,2,3
184,12,5
184,15,4
184,7,4
184,13,4
185,7,4
185,8,4
185,3,4
185,4,3
185,2,5
185,1,5
185,13,4
185,10,4
186,4,5
186,12,5
186,6,5
186,11,4
187,5,4
187,4,4
187,9,4
187,3,5
187,15,5
187,14,3
187,6,4
187,12,4
188,4,3
188,3,3
188,11,3
188,14,4
188,5,4
188,12,3
188,10,3
189,5,3
189,6,5
189,14,4
189,10,5
190,4,5
190,2,3
190,7,5
190,14,4
190,15,4
190,5,3
190,12,5
191,14,4
191,13,4
191,9,3
191,11,3
191,10,3
191,5,4
191,1,3
192,10,4
192,7,3
192,11,4
192,4,4
192,2,5
192,13,5
192,3,5
193,3,5
193,12,3
193,11,4
193,7,5
193,5,5
193,15,4
194,8,5
194,13,4
194,6,3
194,5,3
194,4,5
194,9,4
195,13,4
195,10,4
195,1,4
195,9,4
195,7,3
195,8,3
195,15,3
196,9,4
196,13,5
196,7,4
196,15,5
197,5,5
197,14,4
197,15,4
197,12,4
197,7,5
198,7,5
198,13,3
198,15,5
198,6,3
198,5,4
199,13,5
199,9,5
199,4,4
199,5,4
199,7,4
199,6,5
199,12,5
199,10,4
200,11,3
200,3,5
200,5,4
200,2,5
200,8,4
200,15,5
