tag_id,tag_name
1,dystopian
2,young-adult
3,fiction
4,action
5,survival
6,sci-fi
7,fantasy
8,magic
9,adventure
10,wizards
11,romance
12,vampires
13,paranormal
14,classics
15,historical-fiction
16,mystery
17,courtroom
18,justice
19,american-literature
20,1920s
21,drama
22,contemporary
23,emotional
24,tragedy
25,high-fantasy
26,dragons
27,coming-of-age
28,teen
29,thriller
30,conspiracy
31,crime
32,historical
33,regency
34,psychological-thriller
35,suspense
36,nature
37,science-fiction
38,humor
39,comedy
40,space
41,space-opera
42,epic
43,science
44,religion
